tweet_id,author_id,username,created_at,text,like_count,retweet_count,reply_count,quote_count,followers_count,verified,hashtags,mentions,is_retweet
1957771208570569127,755588958860357632,PJLeBlanc_RN,2025-08-19 11:46:44+00:00,"RT @TheStourbridge: The blantent audacity

 #Cat #CatsOnTwitter #CatsOfTwitter https://t.co/s3hTAB1XXU",0,22,0,0,2359,False,"['Cat', 'CatsOnTwitter', 'CatsOfTwitter']",['TheStourbridge'],True
1957771140304126083,1240648537832148998,Graciepants2,2025-08-19 11:46:28+00:00,RT @holly_pickle1: Good morning lovely friends. Happy Birthday to me! I am 4 todayüíï We don‚Äôt know the actual date as I was born under a she‚Ä¶,0,113,0,0,1145,False,[],['holly_pickle1'],True
1957770558226972808,1917145849315864576,JonathanFr15843,2025-08-19 11:44:09+00:00,RT @OutwoodsCat: A favourite memory of Cilla. On this day in 2020 we started to decorate the school library for a project and put a fake fi‚Ä¶,0,25,0,0,2,False,[],['OutwoodsCat'],True
1957770246841872618,1606648052382457856,triciafoltz2,2025-08-19 11:42:55+00:00,RT @opinionated1367: This girl ü•π she‚Äôs sooooo stunning and such a character ü•∞ very nervous but also very mischievous. I was meant to be get‚Ä¶,0,1,0,0,1600,False,[],['opinionated1367'],True
1957770026737377404,1350463967391580160,GalanthusA,2025-08-19 11:42:02+00:00,"RT @TheStourbridge: The blantent audacity

 #Cat #CatsOnTwitter #CatsOfTwitter https://t.co/s3hTAB1XXU",0,22,0,0,1562,False,"['Cat', 'CatsOnTwitter', 'CatsOfTwitter']",['TheStourbridge'],True
1957769966364594646,59099282,web_shepherd,2025-08-19 11:41:48+00:00,"RT @CatTulpan: We're late today. The staff had to run errands first. It's cooler outside in the morning. Inside, it's actually warmer becau‚Ä¶",0,1,0,0,792,False,[],['CatTulpan'],True
1957769578773197081,1915106325572284416,opinionated1367,2025-08-19 11:40:15+00:00,"This girl ü•π she‚Äôs sooooo stunning and such a character ü•∞ very nervous but also very mischievous. I was meant to be getting on with things whilst it‚Äôs quiet but she has majorly distracted me üòÖ

#CatsOfTwitter #CatsLover #CatsOfX https://t.co/1CAe5Qbhzn",3,1,0,0,1264,False,"['CatsOfTwitter', 'CatsLover', 'CatsOfX']",[],False
1957769441657094409,59099282,web_shepherd,2025-08-19 11:39:43+00:00,"RT @LordGraydon: Nothing like baking üçûon fresh folded laundry ‚Ä¶
#CatsOfTwitter ##CatsOnTwitter #KittyLoafMonday https://t.co/X4mKqvz6SC",0,12,0,0,792,False,"['CatsOfTwitter', 'CatsOnTwitter', 'KittyLoafMonday']",['LordGraydon'],True
1957769148710170858,1814530472598511616,DealsinIND,2025-08-19 11:38:33+00:00,"‚ú® Sisal Cat Scratching Rope (50m)

‚úÖ Deal Price: ‚Çπ2499/-
‚ùå MRP: ‚Çπ3999/-

https://t.co/dQlJxFHYoS

#catsoftwitter #catscratchingpost #sisalrope #cattoys #India",0,0,0,0,53,False,"['catsoftwitter', 'catscratchingpost', 'sisalrope', 'cattoys', 'India']",[],False
1957768916626710951,2988345352,BuiweT,2025-08-19 11:37:37+00:00,"RT @TheStourbridge: Good morning and welcome to Tuna Tuesday 

Start with a positive thought, carry it like sunshine in your pocket.

 #Cat‚Ä¶",0,88,0,0,1192,False,['Cat'],['TheStourbridge'],True
1957768679405326810,1282750939,LaurieTatum2,2025-08-19 11:36:41+00:00,RT @johnstf: Wake up Gustav. It's almost third dinner time. Lorc√°n üòπ #CatsOfTwitter #meezer https://t.co/mUngr4sLTD,0,26,0,0,8524,False,"['CatsOfTwitter', 'meezer']",['johnstf'],True
1957768644093513755,1282750939,LaurieTatum2,2025-08-19 11:36:32+00:00,"RT @buddy_gizmo: Like his cartoon lasagne loving orange cousin Garfield, Gizmo isn‚Äôt particularly fussed about Mondays either üòπüòπü¶Åü¶Å #teamflo‚Ä¶",0,21,0,0,8524,False,[],['buddy_gizmo'],True
1957768529739943984,2988345352,BuiweT,2025-08-19 11:36:05+00:00,"RT @TheStourbridge: The blantent audacity

 #Cat #CatsOnTwitter #CatsOfTwitter https://t.co/s3hTAB1XXU",0,22,0,0,1192,False,"['Cat', 'CatsOnTwitter', 'CatsOfTwitter']",['TheStourbridge'],True
1957768270276112858,1254202361767178243,kellyb20201,2025-08-19 11:35:03+00:00,"RT @TheStourbridge: Good morning and welcome to Tuna Tuesday 

Start with a positive thought, carry it like sunshine in your pocket.

 #Cat‚Ä¶",0,88,0,0,1241,False,['Cat'],['TheStourbridge'],True
1957768257378603188,1639363141476708352,Marjolaine11121,2025-08-19 11:35:00+00:00,"RT @TheStourbridge: Night night sweet dreamies 

Disappointment is proof you cared. 

Disappointment is just a bruise, not a full stop, som‚Ä¶",0,89,0,0,115,False,[],['TheStourbridge'],True
1957768237719986505,1639363141476708352,Marjolaine11121,2025-08-19 11:34:56+00:00,"RT @TheStourbridge: Good morning and welcome to Tuna Tuesday 

Start with a positive thought, carry it like sunshine in your pocket.

 #Cat‚Ä¶",0,88,0,0,115,False,['Cat'],['TheStourbridge'],True
1957767664039838114,1198292971071967234,ICartmail,2025-08-19 11:32:39+00:00,"RT @TheStourbridge: The blantent audacity

 #Cat #CatsOnTwitter #CatsOfTwitter https://t.co/s3hTAB1XXU",0,22,0,0,3271,False,"['Cat', 'CatsOnTwitter', 'CatsOfTwitter']",['TheStourbridge'],True
1957766223174705230,39071293,melgrobinson,2025-08-19 11:26:55+00:00,"RT @TheStourbridge: Good morning and welcome to Tuna Tuesday 

Start with a positive thought, carry it like sunshine in your pocket.

 #Cat‚Ä¶",0,88,0,0,2114,False,['Cat'],['TheStourbridge'],True
1957766026541568059,223783950,ladydvl,2025-08-19 11:26:08+00:00,RT @johnstf: We're all in our own spaces this morning. üòπ #CatsOfTwitter #meezer https://t.co/VRr9l4BtJ4,0,6,0,0,15118,False,"['CatsOfTwitter', 'meezer']",['johnstf'],True
1957765952545669466,834182534422523905,drirenect1,2025-08-19 11:25:51+00:00,"RT @Andrea56822453: #PostaFavPic4VioletAug25 
Day 18: ice cream üç¶
Who needs ice cream when Badger‚Äôs the sweetest confection of all!üçíüòΩü•∞

#Ca‚Ä¶",0,37,0,0,738,False,['PostaFavPic4VioletAug25'],['Andrea56822453'],True
1957765907884671064,834182534422523905,drirenect1,2025-08-19 11:25:40+00:00,"RT @TheStourbridge: Good morning and welcome to Tuna Tuesday 

Start with a positive thought, carry it like sunshine in your pocket.

 #Cat‚Ä¶",0,88,0,0,738,False,['Cat'],['TheStourbridge'],True
1957765816654385328,800685451103203329,Suziwho1,2025-08-19 11:25:18+00:00,RT @OutwoodsCat: A favourite memory of Cilla. On this day in 2020 we started to decorate the school library for a project and put a fake fi‚Ä¶,0,25,0,0,1417,False,[],['OutwoodsCat'],True
1957765726904705526,63790636,Julieandalice,2025-08-19 11:24:57+00:00,RT @johnstf: We're all in our own spaces this morning. üòπ #CatsOfTwitter #meezer https://t.co/VRr9l4BtJ4,0,6,0,0,1404,False,"['CatsOfTwitter', 'meezer']",['johnstf'],True
1957765357315260517,3008218574,KittyAngel2000,2025-08-19 11:23:29+00:00,"RT @TheStourbridge: The blantent audacity

 #Cat #CatsOnTwitter #CatsOfTwitter https://t.co/s3hTAB1XXU",0,22,0,0,2445,False,"['Cat', 'CatsOnTwitter', 'CatsOfTwitter']",['TheStourbridge'],True
1957764972991164788,2525723144,amt_1977,2025-08-19 11:21:57+00:00,RT @johnstf: We're all in our own spaces this morning. üòπ #CatsOfTwitter #meezer https://t.co/VRr9l4BtJ4,0,6,0,0,145,False,"['CatsOfTwitter', 'meezer']",['johnstf'],True
1957764911490052524,1123483786216452104,CatTulpan,2025-08-19 11:21:43+00:00,"We're late today. The staff had to run errands first. It's cooler outside in the morning. Inside, it's actually warmer because the sun is shining..
#tongueouttuesday #tabbytuesday #TurkishVanCats #CatsOfTwitter https://t.co/6kuaoPpr3P",3,1,0,0,3639,False,"['tongueouttuesday', 'tabbytuesday', 'TurkishVanCats', 'CatsOfTwitter']",[],False
1957764323192791147,1943268910268080128,Funkymango_,2025-08-19 11:19:22+00:00,RT @CatsloveVideos: Just spent an hour watching cat videos funny and I have ZERO regrets! üòπ #Caturday #FunnyCats #Cats #LoveCats #CatsPic #‚Ä¶,0,1,0,0,20,False,"['Caturday', 'FunnyCats', 'Cats', 'LoveCats', 'CatsPic']",['CatsloveVideos'],True
1957764155550675194,1943268910268080128,Funkymango_,2025-08-19 11:18:42+00:00,RT @CatsloveVideos: Just spent an hour watching cat videos funny and I have ZERO regrets! üòπ #Caturday #FunnyCats #Cats #LoveCats #CatsPic #‚Ä¶,0,0,0,0,20,False,"['Caturday', 'FunnyCats', 'Cats', 'LoveCats', 'CatsPic']",['CatsloveVideos'],True
1957764123602612716,1943268910268080128,Funkymango_,2025-08-19 11:18:35+00:00,RT @CatsloveVideos: Just spent an hour watching cat videos funny and I have ZERO regrets! üòπ #Caturday #FunnyCats #Cats #LoveCats #CatsPic #‚Ä¶,0,1,0,0,20,False,"['Caturday', 'FunnyCats', 'Cats', 'LoveCats', 'CatsPic']",['CatsloveVideos'],True
1957764106632466553,1943268910268080128,Funkymango_,2025-08-19 11:18:31+00:00,RT @CatsloveVideos: Just spent an hour watching cat videos funny and I have ZERO regrets! üòπ #Caturday #FunnyCats #Cats #LoveCats #CatsPic #‚Ä¶,0,1,0,0,20,False,"['Caturday', 'FunnyCats', 'Cats', 'LoveCats', 'CatsPic']",['CatsloveVideos'],True
